bb_id_A,bb_id_B
8266232,2054648
1238985,2061644
1144995,2061019
3737650,2060239
3271879,2062039
3271876,2062039
4079921,2053213
3271881,2062039
3271880,2062039
9946603,2054435
4076906,2054839
1238533,2062234
4079103,2054689
4079562,2061608
4079623,2054728
4079824,2054663
4076027,2054831
4076603,2054663
1238453,2061350
4080302,2062294
9964438,2062289
4080501,2062185
4080593,2054505
4084119,2054643
4084612,2054688
4084735,2061753
4084844,2062280
4085653,2054506
4080210,2061632
1238282,2062294
1238983,2062294
4080597,2062178
1239046,2062295
1239136,2062265
4085365,2054735
3667646,2053460
4084863,2062113
4084880,2054708
4085194,2054748
4085230,2061643
4085280,2061753
1146484,2055103
1220594,2057177
4039032,2061514
4053289,2053402
1145154,2059656
1217198,2053407
4048661,2061004
4048664,2061004
1236354,2060632
48614,2060609
1027626,2055300
1027641,2055300
307792,2060225
3794635,2056169
51241,2055298
59243,2055298
77811,2057495
50494,2057497
332981,2055473
220441,2055473
63987,2059602
7128575,2062112
62722,2059602
315671,2059602
305029,2059602
1129552,2055473
3799885,2054823
84048,2055611
1139094,2055611
81177,2055609
22738,2057919
1232576,2055610
1138026,2055307
4085222,2061650
254674,2055610
50166,2055610
81178,2057918
10041,2057917
254647,2057888
312756,2060239
1236533,2060303
1156991,2060495
1167512,2058105
3958525,2061630
44603,2055768
78453,2058557
1230801,2058557
253606,2058557
52949,2058557
260832,2058557
1021922,2059419
1147337,2060350
1129900,2060350
53363,2060350
1144751,2055996
1168991,2060490
225517,2060468
280922,2060468
1236601,2060468
1235399,2060490
1235947,2060468
1236364,2060468
1177197,2062012
319592,2059682
327530,2055575
3804636,2056655
2077,2062011
2079,2062011
1016506,2062011
1181565,2062059
1173717,2062060
1175425,2062059
1178886,2062061
49249,2059683
238297,2055575
1129639,2056272
1223139,2056166
1220670,2056655
3804702,2055053
1041241,2058925
55866,2058926
1036640,2058925
1168161,2056460
1045371,2056460
1176255,2056656
1222453,2057067
1129008,2056657
1017161,2056451
1043693,2058927
1169445,2058927
3804903,2057067
1129269,2056658
3804912,2056651
3804936,2057132
1170917,2056167
688763,2055055
626212,2056167
1126697,2056460
1180554,2056655
1172381,2056213
1128664,2056449
1177023,2056213
1129257,2057069
1039318,2056212
1144804,2056450
3804849,2058928
1220845,2056450
1168821,2056650
1128670,2056212
1128672,2057067
1128674,2058930
1218802,2056651
3804967,2057066
1169961,2060331
3255315,2062251
217836,2054978
1233800,2056488
316758,2056488
612608,2057663
1175091,2056000
299114,2056488
1161126,2056000
1176321,2056000
3809860,2056792
1232080,2056792
3809862,2056792
1237184,2061335
237921,2057606
62482,2057608
63931,2057607
1160832,2055449
1174913,2055449
1237188,2054347
1042583,2054077
1186630,2054078
1044402,2053813
1024503,2053925
1015800,2054077
1023832,2055975
1031417,2055975
3814153,2053405
59190,2056903
281343,2053405
1217391,2056903
48090,2056634
1217329,2056634
1144283,2055152
1128502,2053279
1141210,2055155
3256866,2055152
1017955,2055975
3813629,2053975
301941,2060411
1175762,2056634
1167078,2056903
3814156,2056903
53928,2053405
1047122,2056634
1129400,2053409
1158833,2055151
1128539,2055153
1126679,2055154
1158877,2055155
1160432,2055155
1144287,2053279
1217013,2055151
1236239,2060451
1236252,2060451
1134228,2060451
275068,2060451
10071,2053226
1036936,2059419
1236231,2060451
1236318,2060451
64010,2060411
1161208,2053225
1137351,2053232
288930,2055559
1158371,2055559
1139888,2059964
1176601,2059960
1174095,2059960
1173133,2059962
1174728,2059961
3816785,2059964
3816797,2059962
1136348,2055294
1161010,2055369
3817668,2054869
1017947,2055563
1141550,2059964
3816774,2059961
1175931,2059963
1160159,2059963
1181705,2055294
1160417,2055369
1159182,2055369
4639510,2058253
3817672,2057454
1017393,2055781
3818163,2057016
3818165,2054006
1234715,2055464
1026042,2057295
3818307,2057292
3818323,2055464
3818324,2055464
1232186,2055464
1159818,2053749
1180315,2053751
3818603,2053751
4640411,2053784
1180314,2053784
1017211,2055781
1130222,2057294
1042223,2057016
3818164,2057723
1042824,2055781
1178838,2057294
1023126,2057292
1017392,2057292
1230082,2055466
3818319,2055464
1017287,2055464
3818321,2055466
1232001,2055464
333878,2053420
1160075,2053420
3819350,2058713
1128315,2058715
1172600,2058713
1172601,2058713
1159117,2058714
1175040,2058712
1160319,2058712
1141888,2060404
221755,2060801
237308,2060404
1168987,2060803
1135482,2060404
3819658,2060801
1217254,2053420
95289,2061969
1149607,2061969
285314,2053403
1230335,2058716
1159116,2058716
3819365,2058715
3819371,2058713
1143100,2058718
1144344,2058713
1142056,2058717
1132031,2058712
1156683,2060801
1128932,2060404
1147470,2060802
1148927,2060496
272247,2054904
1159996,2054906
1175910,2054907
314433,2054904
304254,2054907
1160596,2054907
1173800,2054908
3821759,2054907
1132673,2057760
1175851,2053229
1018223,2053297
252643,2054547
1233443,2055398
1234047,2055403
1031558,2055648
3822198,2055400
1158816,2054905
1134216,2054907
22698,2053229
300923,2053229
322673,2053229
1018253,2053297
1144988,2053297
314740,2053297
324454,2054547
1018243,2054548
267399,2054548
224733,2054547
1134280,2054548
4643030,2055404
1228501,2054585
3822280,2054585
1161327,2059995
4644027,2061836
293786,2057397
1139751,2057397
53534,2054962
332877,2056403
247768,2059995
273505,2057397
3824075,2057397
92669,2060510
62346,2054962
1236496,2060311
1236683,2060456
1187556,2060456
1236344,2060393
1236580,2060394
1039373,2056671
259519,2057112
1016981,2057113
1236016,2060311
1036000,2057113
329459,2057113
251701,2056671
1238773,2062365
1160028,2062230
1018443,2061663
3826878,2054631
3826880,2054632
313330,2054633
294293,2054633
1175812,2054486
1159794,2056013
1171673,2056015
1235446,2060454
1175756,2056014
1175152,2053253
1235557,2060313
1236617,2060313
3830629,2060081
3260901,2060079
300650,2060385
3830909,2060385
1042413,2060385
48824,2055795
80363,2057673
90099,2055798
44681,2054977
1171332,2054919
293438,2056142
320819,2057316
1131794,2054924
298219,2054926
274557,2056424
3261478,2058665
3261480,2058671
3261482,2054923
85015,2054977
223867,2054918
1143316,2054917
49496,2055797
1158714,2054972
1181386,2055794
218831,2054918
59300,2055996
303267,2055997
54479,2057673
1138157,2054974
83920,2055794
1158237,2055796
249056,2057316
3834032,2054922
3261481,2054926
1159087,2058671
225695,2058668
1169369,2054923
44690,2058670
247727,2054918
22517,2054975
52253,2054973
1182679,2057317
1142678,2055997
1015563,2056591
1178418,2060804
1169435,2060342
280837,2060791
1168110,2062409
53605,2057196
591839,2055163
3840146,2060407
330846,2060600
79481,2060595
248020,2060597
1137911,2060699
1146891,2060418
49827,2060407
1177458,2060407
1235760,2060594
3840229,2060418
277618,2060418
44338,2060600
64371,2060418
1236769,2060514
1236527,2060590
64439,2060699
280431,2060513
1016859,2061894
1014590,2061895
309902,2060403
86352,2060403
1236579,2060738
3841845,2060403
1236626,2060597
78084,2060599
84503,2060699
1236768,2060513
64379,2060699
1138358,2061894
260188,2060738
94900,2056427
181800,2054591
1180574,2054580
1031005,2054591
81040,2060348
81042,2060349
1126806,2056427
196876,2056635
196877,2056635
300057,2062023
62539,2054546
62262,2054579
1235373,2060348
81041,2060348
64341,2060349
1161156,2056810
1022011,2056810
1161287,2055761
216912,2055256
241427,2053415
1132922,2055761
238879,2062051
81334,2062051
1155110,2055761
1046490,2055761
1135273,2056810
1217330,2059035
1134971,2061962
1033676,2062019
1016545,2055342
1024712,2057598
1017794,2055342
1176519,2061980
1016458,2055342
1177108,2055342
1119350,2061962
3846043,2058189
8342889,2059705
8342895,2054981
1021938,2056486
1046257,2056231
1171358,2059640
49585,2056667
1174959,2056965
1217341,2056231
3849899,2053426
3849903,2053426
3849907,2053426
64977,2059457
1021881,2059640
1217160,2058401
222359,2062047
1021941,2062047
1042902,2056365
1139865,2056366
58332,2059644
276703,2061909
1151860,2058288
3849809,2053426
3849822,2058401
1117620,2056667
3849906,2056965
64975,2053426
1148321,2058401
1151206,2058401
240714,2062047
1021963,2062047
1016502,2061905
332899,2056975
1154351,2059252
1168085,2060016
1217784,2056637
1025273,2058343
1134217,2056462
1045613,2058998
1146785,2056463
1017008,2058997
1154861,2059253
1154312,2059254
7190911,2060272
1016884,2055695
1016888,2060017
1161007,2056637
1018009,2056391
1041676,2056387
1181336,2056387
1016705,2059000
1040208,2057263
1016575,2058341
1043537,2058342
1017956,2056467
1016488,2056389
89299,2058340
1126458,2056464
1046456,2058997
1016352,2056387
1170828,2053431
1046658,2053431
1142202,2053431
1023769,2057203
1016720,2056387
1017986,2056465
1152563,2058345
8344838,2058997
1021897,2053431
1040177,2053431
1217161,2053431
1217441,2053431
1232147,2061888
3854430,2054884
3854431,2061888
1039697,2057674
1132137,2056604
1040562,2056604
1040691,2061910
1170576,2057082
1014884,2054008
297016,2054007
3982273,2054679
3982888,2062364
4010647,2054798
1237990,2057793
9894389,2062261
3978303,2054703
9903786,2062096
229324,2054974
3892273,2059656
1217201,2059079
1046210,2053407
224535,2055135
293991,2055132
8382338,2061019
4681128,2062294
3986016,2054718
1149655,2053429
1145177,2056178
3872184,2060489
3910168,2062347
1185166,2062185
1176243,2054250
1235286,2060642
1016852,2058133
1016724,2058132
3266306,2056022
228053,2056203
298825,2056204
1015734,2056205
1018003,2056205
1016580,2056203
308067,2056204
1025107,2056919
1044689,2056027
64469,2060700
218963,2060701
2645,2058123
53447,2055074
64552,2057120
2662,2058122
64557,2057120
1237548,2053456
1237388,2061529
4038576,2053454
1237169,2053456
1237207,2061528
4039043,2061526
1237123,2061398
1237089,2061456
4038650,2053454
4038663,2053454
1237330,2061398
1237270,2061398
4038844,2053454
4038899,2061528
1237097,2053432
1237254,2061398
4039274,2061529
4039574,2061527
1237357,2061514
1237518,2061513
1237527,2053432
1237400,2062505
4041628,2061444
4042063,2054287
4042092,2053785
4042135,2054285
4039783,2061527
4039792,2061527
4040193,2061515
1237297,2061334
1237102,2061339
1237115,2061333
8342891,2060986
4041982,2062127
4042035,2054285
4042570,2054462
1214256,2054420
4042676,2053605
4045044,2054663
1239282,2054511
4043046,2054511
1237424,2061508
4043133,2061871
1239264,2054522
4042925,2061756
4042955,2054513
4044848,2054762
1239265,2061793
4069889,2061511
4043059,2061840
4043237,2061882
4044428,2061075
1238320,2054787
1238188,2053439
8509192,2054728
4045186,2053445
1239024,2054688
4044529,2062498
4045397,2061608
4046190,2061071
1226466,2061747
1227127,2061028
4045994,2053609
1216261,2061327
4048129,2053213
4047720,2059049
4048663,2061164
4048665,2061164
4048667,2061164
83028,2053407
4049295,2061851
4048336,2061874
1216708,2060986
1216225,2061853
4049304,2061829
4049466,2061883
4049530,2061876
4049709,2062099
4049884,2054522
4050189,2053456
8512970,2054362
8513451,2054282
1226464,2061599
4053297,2060273
1226489,2054337
4053306,2054705
1218327,2054488
8514279,2061071
4053221,2062302
4053229,2062356
1239151,2053589
4053375,2061631
4053377,2054831
4053427,2054718
4053439,2054746
1227830,2053680
4052306,2053680
1237201,2054347
4053257,2054663
4053298,2054743
4053300,2054744
4053305,2054705
4053376,2061631
4053434,2054743
4053483,2053461
4054179,2061577
4053512,2054760
3710948,2058681
3712106,2060355
1235741,2060355
79367,2060585
80876,2060789
1139988,2060789
1235668,2060789
3712158,2060585
3712204,2060407
1228683,2054622
293781,2060032
87832,2060789
49103,2060789
59173,2060789
1157540,2060355
3712157,2060586
1149298,2055471
3713127,2055471
3713120,2055471
3713130,2055471
1141733,2062088
1130107,2057406
1144767,2060334
1181161,2060246
61173,2055313
49027,2057180
81137,2055310
9676,2055313
1148479,2057180
1041104,2056038
1158905,2055314
60382,2055310
56492,2055313
79174,2057838
82920,2056500
299132,2057885
260840,2057884
319917,2057885
1174955,2057885
3717346,2057884
59661,2054887
1170557,2055742
1031434,2054886
301435,2055742
323525,2055744
1015541,2054879
3717532,2054887
1231189,2054878
1158800,2053230
77911,2053256
1175182,2053230
1033678,2053230
1018188,2053230
1033482,2053334
1034973,2053255
1160682,2057838
78711,2057839
1142158,2057885
282565,2057884
1126385,2057884
307282,2057884
1017983,2055742
1016869,2054877
77712,2060199
77912,2053230
62190,2053256
1018408,2053256
84133,2053230
1018215,2053333
1018298,2053256
1018205,2053255
61298,2053321
3718443,2058538
1127210,2055492
22234,2055492
21105,2055492
1161128,2055497
1232694,2060024
21121,2060024
1171384,2055614
1170909,2055614
1142680,2055614
1018375,2056473
1170603,2058155
1160673,2056725
13264,2057685
325792,2055773
62647,2055778
22448,2055492
21104,2055492
53831,2055492
1177382,2055497
1172365,2060024
1158853,2055614
1159030,2055614
17313,2057619
13165,2057619
59797,2056725
8229259,2055018
84411,2056725
78328,2055777
22329,2055775
1136010,2056043
1153902,2056044
1150792,2056045
1023623,2056043
1236047,2060389
1173130,2056725
82933,2055775
83740,2055775
1147352,2056109
52915,2060686
1235448,2060657
231887,2053804
1148494,2057402
1142123,2057402
44634,2056491
1144166,2057402
309984,2055690
4550404,2057715
1130168,2057402
1142111,2056491
1141774,2057402
1146840,2056491
1134797,2062001
4069966,2062502
4748583,2061649
1217485,2056715
4054888,2054336
9200405,2061608
9200407,2061608
9200421,2061071
9200406,2061608
9200408,2061608
1226500,2061599
4058424,2054515
4058753,2060986
4058902,2061876
1239327,2054512
4058834,2054518
4061175,2061882
4061547,2061029
1226473,2061599
4062086,2054718
4062219,2060986
1226484,2061599
4065203,2061608
4067888,2061330
4065200,2061608
1226467,2053454
1214846,2054496
4067502,2053637
4067331,2061512
4069835,2061444
1237437,2061513
1237202,2061512
4069888,2061513
4070642,2061455
1237391,2062505
1228952,2061830
1239237,2054510
1239367,2054511
1186137,2060793
241647,2060622
1236428,2060495
1236261,2060408
299634,2060338
1179050,2060520
1174784,2060467
64576,2060425
1235992,2060810
1152289,2060374
1180552,2060374
1235998,2060470
1138677,2060807
1152267,2060419
1148535,2060772
1236007,2060624
65010,2060505
1175257,2060324
1235394,2060324
1142398,2060314
3869090,2060285
590036,2060284
59351,2060315
276501,2060315
88568,2060620
254926,2060365
1147485,2060365
658244,2060365
289821,2060365
219597,2060472
22414,2060275
1169020,2060365
59777,2060275
4678418,2060612
1235689,2060275
3869360,2060275
290802,2060618
1235389,2060384
1239397,2054520
4075025,2061782
3868442,2060793
1235865,2060622
1236151,2060338
1236301,2060495
723385,2060408
1235719,2060338
1235720,2060338
1235377,2060338
58496,2060520
292984,2060425
1236356,2060281
1235404,2060810
302252,2060377
313965,2060808
54146,2060425
1236315,2060808
1162145,2060808
1134682,2060374
65004,2060470
65007,2060377
1235558,2060419
65006,2060419
1235777,2060320
1236201,2060321
1235379,2060321
1235993,2060772
48114,2060768
1235855,2060768
64862,2060507
1235467,2060284
1236215,2060284
3869112,2060354
254485,2060601
1130395,2060602
284520,2060315
4082,2060315
239949,2060315
1236712,2060620
1236187,2060365
290250,2060365
1139155,2060365
1236080,2060365
626262,2060275
65015,2060611
3869429,2060611
1021948,2057165
65014,2060616
78620,2060616
1235462,2060616
220825,2060615
1235638,2060615
273612,2060614
3869524,2060616
80073,2060614
64638,2060614
1236179,2060551
1235342,2060551
64673,2060610
64669,2060421
311398,2060372
65050,2060281
1139151,2060810
3871122,2060324
49181,2060336
3871151,2060335
1235275,2060335
52452,2060304
1159299,2060304
49197,2060305
236841,2060304
3871183,2060304
1139619,2060304
54090,2060765
1132452,2060305
1047798,2058708
83187,2060665
62360,2060551
59806,2060421
57294,2060610
275287,2060810
231039,2060466
59698,2060335
62795,2060304
65039,2060304
261929,2060304
65041,2060305
10172,2060305
1236588,2060473
62238,2060499
1142164,2060443
1154940,2060381
93583,2060379
1144577,2060773
1235677,2060621
1235700,2060550
1235291,2060572
289920,2060642
50473,2060327
1134060,2060327
1165128,2060489
1236516,2060488
3872187,2060462
691041,2060499
1161388,2060521
1180412,2060521
1142067,2060521
1168845,2060380
1235890,2060773
1235891,2060521
1163377,2060379
1148680,2060379
1147520,2060521
144100,2060379
1235808,2060698
1154323,2060379
3871787,2060452
1181552,2060306
297991,2060307
1236095,2060307
232172,2060307
3871845,2060572
233841,2060462
3872089,2060488
1235485,2060487
1235884,2060462
1235752,2060489
1137866,2060489
1165130,2060642
3872125,2060327
50479,2060282
1129959,2060642
48523,2060489
1235586,2060487
1127311,2060489
722891,2060489
49239,2055364
3872219,2060409
1235651,2060489
1131365,2060489
1133593,2060453
1236347,2060462
82629,2055365
1235243,2060343
56715,2060344
83168,2060344
294347,2060345
83169,2060344
66072,2060343
1159626,2058708
1338955,2060344
54298,2060343
288510,2060504
3874029,2060344
1157509,2058708
1136839,2060603
1235277,2060604
3874635,2060604
1148309,2053429
1044710,2056715
9894686,2054648
3899627,2061645
1227743,2061617
9816436,2062129
1026295,2057231
300408,2061353
1217202,2059079
1217200,2059079
323928,2062395
240819,2062082
1138675,2054369
1017754,2058798
1016727,2058797
1016637,2058799
59216,2056807
65590,2056806
1046404,2057452
1021995,2056621
55241,2057766
1217432,2057766
1217276,2056806
1217312,2056621
1217290,2056621
1217435,2056807
1217278,2057766
3891459,2056902
3273244,2056806
1217342,2056621
1172480,2056621
80101,2056902
1047342,2056806
1022005,2056621
1021992,2056621
1038012,2056621
1217298,2056621
1217701,2057766
1217387,2057125
1217282,2057125
1217573,2057766
3891460,2056902
1233331,2058459
1146880,2058459
1180103,2057702
1148820,2058459
1183697,2058459
1232957,2058459
3893709,2058459
1037132,2055447
3894392,2059419
1017220,2056470
1014293,2056470
1017250,2056472
1148954,2056267
1168698,2058560
243131,2056267
1016249,2055082
1188785,2055082
266473,2060766
78615,2057143
321631,2057145
1128694,2057147
1151624,2057150
77658,2057144
62203,2057146
1145037,2057149
1151623,2057149
1180965,2057143
280189,2060371
1235455,2060371
3902432,2060371
1177109,2059419
1122404,2062498
3903663,2062382
9826036,2062114
1042752,2056699
3904199,2056699
1220781,2056699
1044244,2059419
1144977,2061346
1038692,2056699
1039037,2056699
1017043,2056699
3904613,2060427
1139140,2060427
1235350,2060427
3904617,2060427
1236040,2060780
1020993,2053217
1233905,2056288
3907024,2055229
1151703,2055229
3907297,2055228
1234301,2055227
3907330,2055231
1222244,2057013
1021884,2056927
625543,2058295
1016426,2056288
1036800,2056323
3907174,2055232
3907280,2055830
3907293,2055228
3907328,2055647
8395007,2061013
1223069,2057012
3907676,2055233
3907726,2055224
1234665,2055224
1157184,2057061
1048743,2057061
1036356,2057163
1023590,2055226
3907675,2055233
1222608,2058223
1046054,2056574
20119,2054697
279594,2053451
222992,2060792
20497,2053437
1181229,2060792
66070,2060343
1134124,2053407
1157095,2053429
1217205,2061919
1132764,2054648
4816222,2054505
3976866,2061721
316382,2062215
4012595,2062117
4009892,2061623
4816209,2061636
4784615,2054506
4815758,2061305
3981905,2062206
10197,2060111
51267,2060111
22240,2060111
62816,2060111
7197902,2056905
3279201,2054677
245449,2055525
281397,2055524
1144576,2055520
81298,2056228
1045319,2056905
3917530,2056905
1179638,2056905
3917555,2056905
317960,2055520
235981,2055481
230504,2056160
3919731,2062065
1139090,2060405
1235487,2060405
1161276,2060125
1181743,2060125
269108,2060125
1168746,2053714
1031452,2056339
1162789,2056726
1177119,2056727
1145833,2061599
272761,2056928
1132391,2056928
3924246,2058867
1015423,2053732
1130949,2057412
309073,2062038
1025041,2062035
300314,2056686
1188206,2056330
1018123,2058889
1186506,2057636
4733957,2057634
57086,2056269
79483,2056268
1181700,2056269
3926721,2056742
1023516,2062035
688769,2062035
1186586,2062038
1016110,2056685
306758,2056686
1229417,2056269
77981,2056269
44786,2057634
48231,2056268
78303,2057636
65885,2056269
1230980,2056268
83947,2057633
78302,2057632
1042806,2056737
1032196,2056740
1031205,2056737
1031764,2056741
1021919,2056514
1217574,2059657
1217552,2058432
244515,2053587
3924066,2053672
219685,2054836
3918419,2054736
1164919,2059653
49800,2055086
4552476,2053642
1016708,2057369
1171136,2055567
3726043,2056115
1128349,2053976
9724,2053733
77227,2055436
1158663,2057929
49410,2055435
51201,2055437
1217593,2057973
77503,2057930
11423,2053733
233869,2055436
1165544,2057973
3727298,2059718
245826,2056176
50251,2060503
285279,2060657
1039243,2055799
80661,2060502
1181164,2055803
1169652,2060107
3729432,2060323
81805,2060396
48906,2060398
1021990,2053407
1236633,2060396
296032,2060397
81804,2060399
252383,2060575
63114,2060574
1045127,2054565
1130520,2054565
1178857,2055068
91987,2057892
3731249,2057892
80488,2055067
1180466,2057573
1180465,2057573
49810,2055065
1014387,2062347
80031,2057573
1158520,2057570
658699,2055089
1016419,2061948
289148,2061948
85052,2059728
1016686,2061945
1131878,2061946
1171843,2061944
1017648,2057189
1222901,2059023
60232,2055490
60500,2055489
3732278,2055490
1181338,2055490
1148224,2059022
1032640,2056512
1016363,2056513
16924,2055489
1130205,2055489
3236577,2055490
279199,2055490
8239777,2062094
3732525,2054234
1732,2054255
298188,2054250
1160942,2054250
1015220,2054252
1159754,2054253
318159,2054253
1014846,2054253
1030833,2054276
49932,2054257
279548,2054257
1172967,2054257
1177281,2054257
1178381,2054255
328131,2054253
46316,2060643
3733848,2060643
285586,2060643
4017312,2054748
305315,2057888
52295,2057888
285626,2060239
81121,2060239
54100,2056295
77499,2056295
52526,2056295
63161,2056295
236993,2056295
63171,2056296
79385,2056296
273169,2056294
328576,2056293
1236391,2060446
1236272,2060447
1159241,2061478
1178492,2061477
1135625,2061478
1236695,2060448
1235309,2060446
1236417,2060406
1236178,2060406
1172202,2061478
1130519,2061478
8248718,2055203
8248720,2055024
3238232,2057954
1733,2060187
54472,2060187
3740165,2060192
1171545,2060192
3238226,2055203
3238233,2057063
3740756,2055116
3238242,2055115
3238245,2056955
22335,2054556
83856,2054557
1162132,2054557
63191,2054554
48172,2054553
251047,2059934
77703,2057944
9798,2057942
323338,2054934
1046082,2054934
1163078,2057308
1163467,2054934
612003,2054555
83588,2054556
1148397,2054557
1176079,2054557
1050792,2054554
57333,2054553
3741048,2054553
1127856,2054557
52550,2054557
79993,2057944
255821,2054934
1022001,2054934
1236291,2060519
49513,2060276
50282,2060478
78828,2060478
62423,2060479
1235351,2060479
1236014,2060308
59554,2057786
3744074,2060668
3744486,2057797
9813,2060479
78057,2060479
321035,2056016
1185072,2057796
3744328,2060443
4571461,2056352
3744487,2057795
3239554,2061013
1170548,2062201
1126534,2062200
1181658,2062202
1174429,2062201
1160867,2062201
14709,2054902
3747808,2060658
49331,2060658
1875,2056421
1171442,2058642
1021982,2058265
3749133,2053412
49079,2057771
78190,2057774
1182193,2057776
53716,2057777
257669,2057773
1127444,2057779
59761,2057776
3975734,2062424
3959935,2061351
4575209,2061645
4015460,2061634
3989579,2062253
3959947,2054839
4790934,2054835
3238204,2057958
3749123,2056427
1048354,2058265
3977685,2053681
49246,2053781
222850,2053998
83029,2061919
1028669,2062016
1021983,2053429
296744,2060514
3817996,2061303
3955026,2059358
61355,2055106
3967192,2062113
9876033,2054708
3967730,2062500
3959929,2062187
80350,2055379
1216358,2061002
1171800,2056521
15884,2054901
4737283,2054696
1223769,2060992
1019575,2054519
1177371,2055759
1128478,2057441
658377,2057439
626319,2057437
610456,2057440
1032975,2057438
10222,2053429
1224451,2061005
1224409,2061639
1224495,2061310
1028666,2056178
1136098,2061072
1224455,2061639
1224410,2061310
3941599,2061608
282148,2055590
1236747,2060304
1218834,2061899
1148855,2054941
1139600,2055994
56679,2055994
1033422,2057628
1039448,2058985
1140382,2058989
1157019,2057627
83545,2057628
1030604,2058984
1187726,2058988
9876035,2054667
9876037,2054673
1137707,2057623
1033114,2056853
8442482,2062184
3954103,2056446
1042253,2054586
1026326,2058376
1033009,2058378
225813,2058946
1044746,2058945
45217,2059359
3955027,2059358
8442455,2053446
8442465,2061071
3954847,2057974
1156027,2058375
1037884,2058374
1145648,2058379
7155723,2053289
3955029,2059359
4763025,2061237
1139035,2056229
77890,2053893
1014743,2053894
46492,2053892
79054,2053893
79683,2053896
1145012,2056748
1182284,2058282
1157247,2058281
83664,2060199
1016740,2060199
1221613,2058224
65364,2053891
1014952,2053893
1024935,2053892
1143288,2056748
1134397,2058280
1169042,2056748
1040437,2056819
312657,2060199
1017115,2060199
266604,2060199
3957993,2061310
1033090,2057122
1033096,2057124
1227976,2061636
1158743,2055032
83794,2057776
1136631,2057777
232729,2057776
3749925,2057776
1170551,2055319
3241248,2056951
1047423,2056469
3751082,2055734
1046663,2056469
1188444,2056469
1022025,2056468
84525,2060552
1235681,2060552
240691,2060332
9846,2060553
1235370,2060552
263244,2060552
276825,2060286
3753174,2057397
1235241,2060552
1737,2060332
95155,2060666
48951,2060332
94947,2060666
48985,2060662
1177554,2060662
90519,2060332
53043,2060332
293851,2060286
1182429,2060805
1129767,2060805
3753075,2060552
52389,2060762
52390,2060763
274088,2060558
79421,2060431
3754092,2060650
59564,2057855
3754307,2060556
3754324,2055430
306042,2060018
250081,2054937
79423,2060758
79422,2060560
92406,2060562
22282,2058624
62276,2058623
22346,2058624
3754752,2060794
84959,2060376
1136099,2060376
11903,2060794
1138070,2060794
1215029,2054257
249150,2060796
273602,2060288
1235419,2060494
1235940,2060675
1139948,2060494
3756177,2060670
46586,2060668
1139801,2060668
1235391,2060519
3756277,2060287
1236033,2060308
1140285,2060493
723523,2060288
60088,2060492
1134253,2060494
1147314,2060676
4583183,2060276
77250,2060673
22235,2060671
218075,2060287
1235987,2060519
63394,2060668
1235848,2060668
1236195,2060519
228233,2060668
82675,2060675
293139,2060668
1235318,2060288
44923,2060668
1236724,2060491
263292,2060795
249092,2060499
1235706,2060675
1235583,2060494
80157,2060680
78696,2060288
1130641,2060673
1169460,2060678
56887,2060679
3757662,2060555
1236001,2060519
220287,2060795
48122,2060067
224840,2058954
3758524,2058954
1230058,2060066
1134769,2060069
95439,2060066
79643,2060066
9899,2060066
249816,2060066
54078,2060067
56903,2057462
3758521,2060066
1146933,2057462
1159833,2060069
287383,2060066
1141948,2057462
3758537,2060069
15617,2060069
58909,2060066
1181588,2060066
56930,2055107
17121,2055107
80588,2055106
3760998,2055107
11902,2058763
1160815,2058763
270319,2058768
78727,2055450
10921,2055107
80012,2055106
12124,2058765
1135192,2058763
310471,2058768
63497,2056180
301320,2055450
1016280,2056032
1168079,2057269
1233528,2057269
1233606,2057269
1220159,2057269
1233691,2057269
1171515,2058593
1171642,2058597
3761256,2057690
3761258,2058595
3761262,2058597
298727,2058594
234011,2057686
3761272,2058598
326569,2058594
260387,2057117
1222843,2057688
239372,2057688
1142402,2057270
232847,2058595
1016769,2056745
1130322,2056746
1158897,2057272
1142991,2057271
1233705,2057270
1130394,2058141
1233967,2057270
1130938,2057116
3761329,2057269
281213,2059400
1016238,2059400
1016954,2054951
1146731,2056474
53789,2056525
63435,2054952
1134885,2059400
81075,2054952
1016373,2056036
1179001,2056848
1126646,2056525
1181479,2056525
1181322,2055856
1016748,2054952
78494,2057625
52257,2057556
1126621,2056525
1170611,2057433
1042660,2056525
1127353,2056475
22170,2054951
1018006,2057625
1129577,2056475
1178868,2054954
1185342,2054954
1039385,2055856
1016688,2059399
1016786,2059400
1016674,2055856
1143463,2056264
1157334,2055856
79843,2059400
78677,2056064
78851,2059400
93737,2059400
1017185,2054953
1024416,2056489
1016935,2056064
1017112,2056064
1142993,2056032
1233179,2056032
1181753,2056032
1181677,2057269
1233531,2057269
248506,2058597
1158951,2057690
3761273,2057690
1170965,2058596
1223414,2057690
262502,2058593
3761296,2057690
3761313,2058595
1220815,2057276
1219762,2057269
1016828,2057371
1160708,2056064
1160152,2054951
79314,2059400
1040141,2059400
83780,2059386
1143420,2054952
83781,2055856
1169288,2054954
1016969,2054953
314152,2054951
1042090,2059400
1039128,2054954
1024344,2054959
53790,2056524
1136403,2054953
1174968,2056525
77329,2054953
1174981,2056525
49660,2059400
276105,2054952
309029,2056063
1016485,2057625
1017097,2057434
1221658,2056525
1049184,2056525
1163258,2054954
1016784,2056848
1126670,2054954
1148881,2056064
1144526,2054951
1049402,2055856
62266,2054952
1180545,2056402
1181936,2056849
1021907,2056829
1041835,2060090
1016140,2057370
1042812,2060089
1126336,2055453
1150797,2055453
1149752,2055453
235072,2060369
1235935,2060373
1021913,2056774
1016999,2060089
1164910,2060089
1017551,2060090
1017616,2057370
272900,2055455
51211,2055453
1140634,2055453
3763616,2055455
4590465,2055457
3763703,2055457
1139141,2060366
92850,2060366
1235687,2060369
1236046,2060369
252925,2060511
1181235,2060511
3763930,2060366
1235396,2060509
262801,2060509
1144164,2060147
1236637,2060378
1129872,2060506
80621,2060492
1141556,2060329
1236139,2060506
3764536,2060368
1235290,2060368
1174261,2060369
285184,2060509
1179403,2060145
1235353,2060368
3771065,2055206
3771080,2055408
55600,2059986
63520,2059985
22322,2059992
1158960,2059993
332757,2059987
57705,2059992
1171341,2057703
1146876,2055783
53780,2060038
77210,2057909
1219018,2058226
3771081,2055205
1171728,2056612
1171082,2059981
1171584,2059984
1131919,2059985
222275,2059991
1132193,2059987
1233501,2055782
328722,2060042
56559,2057182
44752,2057915
51909,2057915
49687,2057915
63543,2058628
1132520,2058627
1751,2057916
59211,2057913
44716,2057914
62703,2057916
1230055,2057913
82420,2055281
218373,2055289
82890,2055290
48643,2055289
77951,2055272
77129,2055290
13728,2059390
63484,2056431
1172781,2056431
80972,2055278
1146636,2056888
80128,2055287
52082,2055284
52081,2057393
48371,2057393
48608,2055284
83367,2057392
77688,2055293
1172873,2055288
84164,2057105
57510,2059487
78156,2059487
1160356,2055284
81345,2057105
77686,2057105
57170,2059487
1175430,2057105
55831,2057831
78507,2057831
315246,2055285
1171986,2057913
1175945,2057916
3772536,2057915
1158641,2058628
22444,2057914
63532,2057914
78405,2058627
299411,2057914
49656,2057913
50386,2055285
62321,2057393
63563,2055272
10869,2055276
82958,2055277
63483,2055284
56354,2057828
52084,2055284
77685,2057828
79169,2055285
1144153,2055284
79679,2055284
80583,2058701
269856,2057105
1159688,2057105
44666,2057105
55694,2057105
77687,2057104
302885,2059487
62669,2059487
1164477,2057105
78157,2055285
1134473,2057828
58260,2055291
62683,2055291
49476,2058700
9942,2058369
81456,2055279
15882,2055277
80551,2055278
57509,2055280
54587,2055285
1126647,2055279
57508,2057393
57008,2055287
53971,2055283
81741,2055284
44614,2059486
54544,2056882
57007,2055292
238891,2055284
77465,2055290
1177369,2053998
1179666,2053998
1126221,2055285
57541,2055287
11458,2055289
78724,2055285
55749,2055285
17672,2057828
57161,2057829
79823,2059486
325365,2055284
57412,2058369
77471,2057105
264979,2056890
1942,2055415
3774549,2055416
14360,2055415
81083,2055413
1962,2055414
1963,2055415
1968,2055415
1129922,2055415
1171568,2055416
80306,2055416
1151406,2055415
1941,2055415
22321,2055416
50100,2055414
1039621,2055413
1964,2055414
1170488,2055416
82749,2053998
1140654,2056709
4019245,2061353
327662,2055198
56378,2058544
232393,2055195
80021,2055198
1152743,2057609
22357,2055198
44378,2061903
240619,2055188
44768,2055188
223109,2055188
1182242,2055188
44767,2055188
1171729,2055188
3777485,2055188
1174612,2055267
1232232,2055263
1230793,2055188
3777459,2055188
1170975,2055188
306359,2055188
295259,2055188
1158220,2055188
247194,2055188
1142689,2055188
3777511,2055247
3777527,2055261
3988742,2062499
9948,2059735
1137128,2059735
1168999,2060508
626166,2056698
8285435,2061993
1236220,2060508
1026481,2054874
1140768,2056730
1149406,2056672
256550,2056673
1219681,2056673
1752,2059651
1233511,2056672
289026,2055456
1161091,2057934
265819,2055362
1162644,2055362
267395,2055360
1160618,2055360
1160633,2055359
271384,2056862
1130212,2056862
311788,2055456
275340,2055362
333321,2057611
280782,2055359
249660,2055359
1229717,2055363
263695,2055360
274483,2056862
1156874,2062008
239310,2062006
1174272,2062006
1131384,2062008
1181908,2062005
1160010,2062006
21441,2057820
9141719,2061634
63787,2055590
1128816,2055146
22393,2056608
1173532,2056607
22382,2055591
1175042,2055590
22251,2057247
1231031,2055590
78723,2056609
1231173,2058157
22765,2057091
1182962,2057091
80125,2057088
1176575,2057089
80124,2058157
3785324,2058157
59279,2053943
1132174,2054050
82684,2053946
3785370,2054050
1215284,2054049
260929,2060590
1231333,2058156
248016,2055590
1172735,2055590
225393,2057245
1127000,2055591
22521,2057091
3785306,2055591
51379,2057091
60121,2056608
332548,2055591
22395,2055592
294525,2058157
1179755,2053944
221718,2053946
3785372,2053943
332502,2060300
80592,2060682
290318,2060681
3787075,2060458
1130631,2060480
80182,2060480
1186226,2060783
3787320,2060784
1236336,2060784
1178983,2062006
1016228,2056191
1031356,2056088
1043859,2056088
241084,2056548
51090,2055317
658367,2055317
50588,2055315
1180393,2056697
1174201,2055317
50505,2055317
223616,2055315
1171379,2055315
1130094,2056697
1134325,2056697
1158746,2060177
1180205,2060177
1176581,2060174
1173752,2060177
3788152,2056002
1176424,2058535
253041,2060458
229536,2060683
263191,2060351
1152449,2060486
1236644,2060414
1236368,2060414
1185939,2060681
1235978,2060783
3787314,2060784
3787328,2060784
1044297,2057046
1155247,2056088
54935,2055315
240994,2055317
1144291,2056548
52530,2055317
1160084,2055317
1216917,2060177
1129866,2056002
1158386,2060177
1129499,2060175
1176580,2060173
84142,2056002
3789387,2056517
9729566,2058185
328665,2055109
1178737,2054545
3250841,2055032
52029,2055032
1016368,2055032
56091,2055032
56084,2055032
590116,2055032
3789386,2060115
1128526,2055112
235810,2055109
1182620,2055109
1178737,2055109
658196,2060156
8297515,2062042
49150,2054988
22016,2057572
17157,2054985
249651,2055051
258320,2054988
22042,2060156
590745,2059975
3791237,2055051
4617924,2055051
8297516,2058314
51425,2055051
11855,2060156
49315,2057641
10019,2058078
327068,2054988
311421,2055051
22119,2056704
22010,2057572
22009,2060156
311598,2057571
3976410,2054648
3251491,2055051
252891,2060075
10935,2060075
245830,2060072
1230095,2055860
3792240,2060074
316539,2060077
318105,2055366
1231196,2055366
252134,2055860
81124,2060074
1230376,2060078
63773,2055858
284182,2055366
81093,2055368
12246,2055448
1174265,2055448
63766,2056077
79793,2056078
55033,2056076
1181533,2056077
81125,2055366
7127343,2055366
78925,2055448
84518,2056706
59680,2055470
52368,2056706
1181532,2056706
1014705,2054101
1025380,2054101
301916,2054101
1014995,2053923
1014835,2053835
1030001,2053752
1014801,2054262
1171372,2053923
1040313,2054101
1038890,2053878
1171105,2053772
1015567,2053878
1140373,2053817
1215068,2053923
1215042,2053773
299972,2057097
1235650,2060639
59750,2056081
48227,2056079
3793338,2056079
328002,2055470
3793458,2056706
81416,2055470
288498,2056706
1135149,2056075
1036896,2054101
1171106,2054101
1030757,2054265
1015003,2053835
1149884,2053923
266094,2053923
1170816,2053835
1014768,2054263
1144293,2053878
1030740,2053773
1132023,2054263
1030774,2053810
3793701,2053773
588718,2060575
1037409,2055300
3252803,2055779
1139675,2056170
303228,2060225
292389,2056169
1231235,2056170
261301,2056168
63849,2056168
290779,2055297
1158441,2055298
63979,2057498
1230895,2057495
3986068,2054685
1220439,2056908
1219855,2056907
1222712,2056908
1018144,2056776
1227757,2062392
1037811,2057262
1155791,2057258
1037718,2057258
1039635,2056359
1157457,2057258
1031279,2057257
1117627,2056361
1031502,2057259
1157458,2057260
1157653,2057261
1033425,2057259
1157459,2057259
1018155,2059240
1014747,2057601
1014534,2062437
1157056,2062391
1014389,2062394
1016178,2057258
1023101,2057601
1016217,2057601
1031724,2057601
3962256,2054696
1136799,2054605
1170300,2060786
1137290,2056703
1041799,2056588
1129584,2060002
3963077,2062204
66278,2054605
1226310,2061719
1226228,2061716
1139774,2056702
62385,2055085
1236511,2060578
1217812,2053685
1783,2060332
81597,2060661
1345255,2060553
1235897,2060332
65957,2060332
52077,2060661
3967716,2054748
1047976,2053294
1226287,2053294
1045173,2053294
16213,2059468
1018044,2059069
1018174,2059070
330665,2060298
7203017,2057366
8454857,2062129
3970651,2055645
8454858,2061072
1235059,2061961
219987,2060352
3971205,2062264
1140069,2054046
1136582,2053939
65864,2054578
1025247,2054577
1041586,2058756
1136581,2053941
1139778,2053940
49630,2054577
1042526,2058838
1235914,2056703
3958557,2062234
3959943,2062253
3958458,2061608
3958538,2062499
3958540,2061724
3958548,2054787
3958549,2062301
3958550,2062219
4765179,2061724
3958553,2062220
3958559,2062094
3958563,2062094
4765199,2062289
4765204,2062092
3958576,2062261
3958578,2062500
4769397,2054718
3958443,2062117
3958544,2061724
1016830,2055835
3987228,2058645
1044445,2056932
1239116,2061608
3988751,2062282
62593,2053781
4007599,2054706
4017802,2062267
4784873,2054708
3981802,2062500
3980819,2054746
4019618,2053213
3982022,2062187
3980924,2062216
4019234,2062289
3975354,2062094
3982021,2061644
1170334,2056913
3977815,2061657
9141718,2061311
327595,2059969
1017106,2062009
9893481,2062115
8458741,2056217
3986547,2054688
4780140,2061724
3975328,2053439
1182310,2058554
1179041,2057352
1014828,2053880
44953,2056457
1016879,2059868
1017760,2058556
1156165,2056549
1022026,2057725
1129170,2053890
1016937,2058935
1144995,2061327
625378,2058556
1016880,2057594
1016917,2057595
1018150,2057596
1016913,2057597
1121046,2058792
1121020,2058794
1016948,2062220
1023946,2058481
1016476,2058482
1157917,2059298
1016917,2058793
1121039,2058793
3977124,2058795
1140942,2059351
1020322,2053959
1186871,2054775
1027406,2053254
1016032,2059080
8461725,2059080
8461762,2054677
1017878,2057897
1018079,2057417
1036020,2057811
1039401,2059082
8462013,2061721
1183615,2054201
1154474,2059116
8462982,2058123
8462968,2057667
9898127,2057667
8462971,2057667
9898133,2057667
7205140,2058123
7476238,2058872
1139108,2061071
3980030,2059448
3295482,2062413
7163420,2057667
8462970,2057667
8462977,2061030
8462983,2058122
1037345,2054760
3980768,2058488
3295559,2058488
1140106,2060372
1031292,2055069
1139048,2055069
1039026,2058456
1041464,2058456
3981663,2053216
612634,2055826
1165094,2055612
1035860,2055834
1037612,2058456
44797,2055069
1164014,2058456
1152231,2055826
3981827,2061631
3981880,2054708
3982427,2056547
230493,2060580
1019183,2060580
611327,2055826
2248107,2062295
1031338,2056547
1041319,2058379
1019185,2060581
1189526,2060580
613378,2055826
1217331,2057024
1015443,2054202
1015321,2054202
1040012,2054202
1217399,2057372
1179959,2054203
1015424,2054203
1039520,2054202
54771,2054593
84112,2053998
78742,2053998
77897,2053998
1017707,2055835
4280,2053998
77898,2053998
1017530,2056916
291289,2053232
92131,2053232
1014301,2061349
1031752,2056332
1031833,2056333
1158613,2060257
1163070,2060257
1163071,2056050
1017199,2058038
1016971,2057139
326380,2053232
44362,2053237
1014282,2062209
1144717,2060257
3986271,2054760
1016762,2057137
1171397,2059358
1142400,2059359
1230912,2059359
3987262,2059358
1137259,2059358
1230400,2059358
1138148,2059358
53665,2059352
77199,2059352
271122,2054595
1170217,2056377
1016510,2057185
1018104,2059069
1135774,2053213
1144750,2059358
1171726,2059359
65038,2059351
50508,2059351
50612,2059354
3987290,2059358
1016596,2057186
1018099,2057183
1016508,2057188
1016895,2057187
3988271,2061304
1021960,2056936
48983,2057627
83518,2057628
278127,2057627
4790140,2056435
1033056,2056853
1039480,2056435
60202,2056855
3988270,2054837
1163480,2056831
1016460,2057627
1039595,2056979
1031747,2056856
1043080,2056854
1016972,2058134
1156998,2057631
1182026,2053843
1041296,2056668
1032437,2058690
1017773,2057629
1142965,2058629
1015418,2058630
1014702,2053842
1160892,2056071
1046454,2056331
1016462,2056551
1016243,2056550
1017302,2056743
1045364,2056042
1016320,2056053
1016573,2056722
1016281,2056485
61616,2058619
1042066,2057161
1016904,2058620
3990564,2061354
316883,2060626
221700,2060628
318321,2060631
1046260,2056573
1139024,2056573
1163241,2056573
312821,2060627
309627,2060629
7167219,2060259
1132936,2056573
1131508,2056821
1177165,2058305
1180989,2053433
1169440,2056821
1019229,2056818
1182235,2056819
1016393,2056819
1020712,2056820
1014882,2056817
1024858,2056817
1028574,2054936
1228662,2054581
1015234,2057469
1017120,2057592
1041523,2057510
1151854,2058022
1143751,2058022
1218406,2053257
1223520,2056028
1222770,2057228
1130323,2053415
1149166,2057592
1047628,2057510
1045090,2057029
3994103,2054686
3994104,2054686
1182308,2059116
1042365,2057810
1023800,2057592
1217657,2055759
8473824,2061013
1148633,2058123
1043072,2058122
1026503,2058123
8473871,2061075
296910,2056549
86342,2056668
1018090,2056743
1016119,2054571
591754,2054201
62915,2054201
295904,2054584
1019850,2054617
658257,2053799
3995994,2053250
3996029,2054201
3996031,2054201
317315,2053312
268491,2054573
93149,2053289
1016070,2054572
1016473,2058935
66210,2053799
9898305,2061631
1138629,2061825
1223498,2059310
1037314,2059310
1176428,2059310
1221176,2059310
1222373,2059310
3999338,2054743
1236009,2060385
8491857,2054744
1179000,2056666
3981140,2054791
1031816,2056595
1037706,2056595
1018075,2056713
1017941,2056712
89233,2056594
1025657,2056596
1145371,2061954
1219550,2061954
49074,2055798
1014309,2062256
4009977,2062295
4010196,2062112
4010834,2054822
4020278,2058175
4016294,2054679
1096970,2061588
1133875,2061588
1138630,2061588
9928059,2061840
4019064,2061788
4048057,2061756
4060689,2061327
9906091,2054648
9895893,2060273
4000045,2054706
3981038,2061728
3975393,2061343
4813321,2054646
3983518,2054752
3986544,2054831
4010382,2062117
9894324,2061608
4783929,2054705
3981037,2054705
3976732,2061607
8488368,2053681
4009817,2053674
3975383,2053589
8470516,2061631
3982235,2054645
3982233,2054636
4000051,2054756
3978228,2054643
4016123,2054663
4780182,2053439
3981665,2054787
8487600,2062116
3981849,2061608
4784436,2061607
4783470,2054708
3979059,2054743
3981406,2062122
3998722,2061728
4010605,2062109
4010782,2054831
4068374,2053445
4016164,2054648
3982020,2054836
3980922,2054835
3980925,2062204
8466926,2062385
3981144,2054831
3982241,2061632
3975150,2062113
3982017,2062400
4010330,2061727
3988748,2061727
4780199,2062289
3993496,2053215
3975262,2062096
3998541,2062110
3988740,2062370
4010653,2062267
3980926,2061304
3985857,2061306
3995183,2061309
3985859,2061305
4015775,2062400
4000200,2061354
3997276,2062498
4790250,2053681
8474005,2061657
4780875,2062266
4793081,2062205
3984492,2054643
3977687,2062094
3987347,2060271
3996512,2053402
3984495,2062267
3984491,2054753
3987348,2060273
4792834,2054743
4016339,2061343
3981483,2061608
3987781,2053216
3981482,2061607
3997251,2053461
3988786,2062294
4816235,2061353
4815759,2061351
3984484,2054706
3984487,2054756
4010364,2054708
3999339,2054749
3989585,2061644
3997252,2061648
4012728,2062187
3977686,2062282
3989587,2062204
4816234,2061356
4790245,2062113
3996938,2061727
3976871,2062289
3988737,2062112
3989586,2061306
3989583,2061633
1162476,2062382
4010833,2061659
282110,2062498
3976550,2053439
3987582,2060273
3989272,2053437
166998,2062280
626395,2062498
3997275,2062499
4011438,2062113
3982333,2062124
3988753,2061724
3982685,2053452
3982193,2054747
3990645,2061608
8492074,2053216
3976737,2061608
1235755,2060380
3980870,2054643
3860299,2062110
3987153,2061608
1164338,2062065
3825006,2057843
4575117,2062213
4079305,2062302
4085102,2054706
1143753,2056178
1044255,2062216
3784901,2062354
3784898,2061643
1182835,2058712
3845414,2060270
3805330,2061352
3817997,2060990
3822589,2062408
3839188,2061645
1014576,2053446
3874466,2054831
3858039,2061608
3872616,2054748
3856481,2053462
3924089,2053445
3922607,2061631
3922853,2061608
3906101,2061608
3922856,2061608
250833,2061356
228829,2062438
3903341,2062241
274193,2062495
296708,2062385
3957980,2054689
4745163,2054705
3958556,2062234
3958584,2062356
3958478,2054744
3958522,2061632
1047306,2054703
3956944,2061628
4010385,2061728
9160190,2061728
4007593,2061657
3984479,2054721
3990398,2061721
9898145,2054506
3981034,2061623
4813322,2054663
4010916,2062115
4009396,2054744
3989562,2053675
3981579,2061608
